,Pattern,Relative SUP,local_interest_8,local_criterion_8
0,"[6, 7]",0.1,-0.9,0.09000000000000001
1,"[6, 7, 9]",0.1,-0.9,0.09000000000000001
2,"[6, 7, 9, 10]",0.1,-0.9,0.09000000000000001
